file,diff,a-modified,a-size,b-modified,b-size
/50.ソース/wng-admin/app/views/news/edit (shimizu ko 上の問題のあるコピー 2011-12-28).ctp~,Not in C:\windarg_bk_20111229,,,2011-12-23 05:05:58 0,5978
/50.ソース/wng-admin/app/views/forms/add (eee-ko 上の問題のあるコピー 2011-12-28).ctp,Not in C:\windarg_bk_20111229,,,2011-12-23 18:56:08 0,7352
/50.ソース/wng-admin/app/views/forms/add (eee-ko 上の問題のあるコピー 2011-12-28).ctp~,Not in C:\windarg_bk_20111229,,,2011-12-20 00:40:53 0,7333
/50.ソース/wng-admin/app/controllers/news_controller (eee-ko 上の問題のあるコピー 2011-12-28).php,Not in C:\windarg_bk_20111229,,,2011-12-24 03:10:01 0,6568
/50.ソース/wng-admin/app/models/usecase (kodesk 上の問題のあるコピー 2011-12-30).php,Not in C:\windarg_bk_20111229,,,2011-12-24 04:18:03 0,7158
/20.設計/10.DB設計/テーブル定義書（管理者） (shimizu ko 上の問題のあるコピー 2011-12-28).xls,Not in C:\windarg_bk_20111229,,,2011-12-24 17:19:54 0,50176
/50.ソース/wng-admin/app/config/bootstrap (eee-ko 上の問題のあるコピー 2011-12-28).php,Not in C:\windarg_bk_20111229,,,2011-12-23 02:42:50 0,2454
/50.ソース/wng-admin/app/views/forms/add.ctp (shimizu ko 上の問題のあるコピー 2011-12-28).bak,Not in C:\windarg_bk_20111229,,,2011-12-23 14:38:11 0,7333
/50.ソース/wng-admin/app/views/categories/index (shimizu ko 上の問題のあるコピー 2011-12-28).ctp~,Not in C:\windarg_bk_20111229,,,2011-12-23 03:18:58 0,5514
/50.ソース/wng-admin/app/controllers/usecases_controller (shimizu ko 上の問題のあるコピー 2011-12-30).php,Not in C:\windarg_bk_20111229,,,2011-12-25 20:46:03 0,2855
/99.受領資料/20111213/WAT設計書 (shimizu ko 上の問題のあるコピー 2011-12-28).xls,Not in C:\windarg_bk_20111229,,,2011-12-13 22:57:09 0,1047040
/05.スケジュール/WAT_CMS_制作スケジュール (Unicode 形式の問題) (shimizu ko 上の問題のあるコピー 2011-12-28).xls,Not in C:\windarg_bk_20111229,,,2011-12-17 01:31:27 0,52736
/50.ソース/wng-admin/app/views/news/add (shimizu ko 上の問題のあるコピー 2011-12-28).ctp,Not in C:\windarg_bk_20111229,,,2011-12-23 14:30:36 0,6058
/50.ソース/wng-admin/app/views/categories/index (shimizu ko 上の問題のあるコピー 2011-12-28).ctp,Not in C:\windarg_bk_20111229,,,2011-12-23 03:19:08 0,5570
/50.ソース/wng-admin/app/views/usecases/add (shimizu ko 上の問題のあるコピー 2011-12-30).ctp~,Not in C:\windarg_bk_20111229,,,2011-12-24 01:10:54 0,10804
/20.設計/10.DB設計/テーブル定義書 (shimizu ko 上の問題のあるコピー 2011-12-28).xls,Not in C:\windarg_bk_20111229,,,2011-12-18 22:28:48 0,55808
/50.ソース/wng-admin/app/tmp/cache/models/cake_model_default_categories (eee-ko 上の問題のあるコピー 2011-12-28),Not in C:\windarg_bk_20111229,,,2011-12-25 20:45:49 0,1222
/50.ソース/wng-admin/app/models/news (eee-ko 上の問題のあるコピー 2011-12-28).php~,Not in C:\windarg_bk_20111229,,,2011-12-23 15:37:00 0,8802
/50.ソース/wng-admin/app/views/news/add.ctp (shimizu ko 上の問題のあるコピー 2011-12-28).bak,Not in C:\windarg_bk_20111229,,,2011-12-23 14:30:30 0,6091
/50.ソース/wng-admin/app/tmp/cache/models/cake_model_default_cases,Not in C:\windarg_bk_20111229,,,2011-12-24 03:38:03 0,4854
/50.ソース/wng-admin/app/views/news/index (shimizu ko 上の問題のあるコピー 2011-12-28).ctp,Not in C:\windarg_bk_20111229,,,2011-12-23 03:15:47 0,5556
/50.ソース/wng-admin/app/views/layouts/default (eee-ko 上の問題のあるコピー 2011-12-28).ctp,Not in C:\windarg_bk_20111229,,,2011-12-23 15:28:02 0,3575
/50.ソース/wng-admin/app/tmp/cache/models/cake_model_default_categories (shimizu ko 上の問題のあるコピー 2011-12-28),Not in C:\windarg_bk_20111229,,,2011-12-24 03:38:03 0,1222
/20.設計/10.DB設計/コピー 〜 テーブル定義書（事例） (shimizu ko 上の問題のあるコピー 2011-12-28).xls,Not in C:\windarg_bk_20111229,,,2011-12-23 15:27:04 0,152576
/97.コミュニケーション管理/bk/質問管理表_20111126 (shimizu ko 上の問題のあるコピー 2011-12-28).xls,Not in C:\windarg_bk_20111229,,,2011-11-26 14:31:37 0,22528
/50.ソース/wng-admin/app/webroot/img/test-pass-icon.png,Not in C:\windarg_bk_20111229,,,2011-10-15 13:02:00 0,783
/50.ソース/wng-admin/app/tmp/cache/models/cake_model_default_users (shimizu ko 上の問題のあるコピー 2011-12-28),Not in C:\windarg_bk_20111229,,,2011-12-24 03:38:03 0,843
/50.ソース/wng-admin/app/views/media/edit (eee-ko 上の問題のあるコピー 2011-12-28).ctp~,Not in C:\windarg_bk_20111229,,,2011-12-23 13:32:06 0,5989
/50.ソース/wng-admin/app/views/news/edit (eee-ko 上の問題のあるコピー 2011-12-28).ctp,Not in C:\windarg_bk_20111229,,,2011-12-23 14:31:14 0,5978
/50.ソース/wng-admin/app/views/forms/add (shimizu ko 上の問題のあるコピー 2011-12-28).ctp~,Not in C:\windarg_bk_20111229,,,2011-12-20 00:40:53 0,7333
/99.受領資料/20111205/WAT設計書 (shimizu ko 上の問題のあるコピー 2011-12-28).xls,Not in C:\windarg_bk_20111229,,,2011-12-05 23:45:58 0,1039360
/99.受領資料/20111209/wat 設計書/CMS画面遷移図 (shimizu ko 上の問題のあるコピー 2011-12-28).xls,Not in C:\windarg_bk_20111229,,,2011-11-17 18:51:28 0,116224
/50.ソース/wng-admin/app/controllers/media_controller (shimizu ko 上の問題のあるコピー 2011-12-28).php,Not in C:\windarg_bk_20111229,,,2011-12-24 04:12:24 0,3828
/20.設計/10.DB設計/テーブル定義書（帳票実装モデル） (shimizu ko 上の問題のあるコピー 2011-12-28).xls,Not in C:\windarg_bk_20111229,,,2011-12-18 22:28:28 0,99840
/20.設計/機能一覧 (shimizu ko 上の問題のあるコピー 2011-12-28).xls,Not in C:\windarg_bk_20111229,,,2011-12-02 00:21:22 0,16384
/97.コミュニケーション管理/課題管理 (shimizu ko 上の問題のあるコピー 2011-12-28).xls,Not in C:\windarg_bk_20111229,,,2011-11-12 19:26:39 0,13824
/50.ソース/wng-admin/app/tmp/logs/error (shimizu ko 上の問題のあるコピー 2011-12-28).log,Not in C:\windarg_bk_20111229,,,2011-12-24 03:25:14 0,85527
/20.設計/10.DB設計/bk/テーブル定義書（NEWS） (shimizu ko 上の問題のあるコピー 2011-12-28).xls,Not in C:\windarg_bk_20111229,,,2011-12-06 23:39:13 0,70656
/40.データ移行/仕様把握のためのメモ (shimizu ko 上の問題のあるコピー 2011-12-28).xls,Not in C:\windarg_bk_20111229,,,2011-12-11 20:49:47 0,17408
/50.ソース/wng-admin/app/controllers/news_controller (shimizu ko 上の問題のあるコピー 2011-12-28).php,Not in C:\windarg_bk_20111229,,,2011-12-24 03:10:01 0,6568
/50.ソース/wng-admin/app/tmp/cache/models/cake_model_default_news (eee-ko 上の問題のあるコピー 2011-12-28),Not in C:\windarg_bk_20111229,,,2011-12-25 20:45:50 0,1775
/99.受領資料/20111212/WAT設計書 (shimizu ko 上の問題のあるコピー 2011-12-28).xls,Not in C:\windarg_bk_20111229,,,2011-12-12 22:17:25 0,1041408
/50.ソース/wng-admin/app/views/layouts/default (shimizu ko 上の問題のあるコピー 2011-12-28).ctp~,Not in C:\windarg_bk_20111229,,,2011-12-23 15:06:12 0,3572
/50.ソース/wng-admin/app/webroot/img/test-skip-icon.png,Not in C:\windarg_bk_20111229,,,2011-10-15 13:02:00 0,1207
/20.設計/新規Microsoft Excel ワークシート (shimizu ko 上の問題のあるコピー 2011-12-28).xls,Not in C:\windarg_bk_20111229,,,2011-12-23 12:54:45 0,15360
/50.ソース/wng-admin/app/tmp/cache/models/cake_model_default_sectors (kodesk 上の問題のあるコピー 2011-12-30),Not in C:\windarg_bk_20111229,,,2011-12-24 03:38:03 0,614
/50.ソース/wng-admin/app/models/.usecase.php.swp,Not in C:\windarg_bk_20111229,,,2011-12-24 03:10:28 0,16384
/20.設計/bk/WAT設計書20111203 (shimizu ko 上の問題のあるコピー 2011-12-28).xls,Not in C:\windarg_bk_20111229,,,2011-12-03 01:13:32 0,838656
/50.ソース/wng-admin/app/tmp/cache/persistent/cake_core_dir_map (shimizu ko 上の問題のあるコピー 2011-12-28),Not in C:\windarg_bk_20111229,,,2011-12-24 03:38:03 0,7213
/20.設計/10.DB設計/テーブル定義書（事例） (shimizu ko 上の問題のあるコピー 2011-12-28).xls,Not in C:\windarg_bk_20111229,,,2011-12-23 15:59:01 0,152576
/50.ソース/wng-admin/app/tmp/cache/persistent/cake_core_file_map (shimizu ko 上の問題のあるコピー 2011-12-28),Not in C:\windarg_bk_20111229,,,2011-12-24 03:38:03 0,2860
/20.設計/CMS画面遷移図 (shimizu ko 上の問題のあるコピー 2011-12-28).xls,Not in C:\windarg_bk_20111229,,,2011-11-17 18:51:28 0,116224
/30.サーバー情報/リモートアクセス申請項目_Simone_20111116 (shimizu ko 上の問題のあるコピー 2011-12-28).xls,Not in C:\windarg_bk_20111229,,,2011-12-02 00:21:31 0,39424
/50.ソース/wng-admin/app/views/usecases/.detail.ctp.swp,Not in C:\windarg_bk_20111229,,,2011-12-30 01:19:48 968,24576
/50.ソース/wng-admin/app/views/categories/index (eee-ko 上の問題のあるコピー 2011-12-28).ctp,Not in C:\windarg_bk_20111229,,,2011-12-23 03:19:08 0,5570
/99.受領資料/20111125/高田/事例/111024_事例紹介_仕様 (shimizu ko 上の問題のあるコピー 2011-12-28).xls,Not in C:\windarg_bk_20111229,,,2011-10-24 14:20:06 0,3446272
/99.受領資料/20111111/リモートアクセス申請項目_追加 (shimizu ko 上の問題のあるコピー 2011-12-28).xls,Not in C:\windarg_bk_20111229,,,2011-11-11 22:08:53 0,32256
/20.設計/WAT設計書 (shimizu ko 上の問題のあるコピー 2011-12-28).xls,Not in C:\windarg_bk_20111229,,,2011-12-16 21:59:22 0,1083904
/50.ソース/wng-admin/app/models/media (shimizu ko 上の問題のあるコピー 2011-12-30).php~,Not in C:\windarg_bk_20111229,,,2011-12-18 18:54:55 0,3582
/50.ソース/wng-admin/app/webroot/img/cake.power.gif,Not in C:\windarg_bk_20111229,,,2011-10-15 13:02:00 0,201
/50.ソース/wng-admin/app/views/news/edit.ctp (eee-ko 上の問題のあるコピー 2011-12-28).bak,Not in C:\windarg_bk_20111229,,,2011-12-23 13:32:20 0,5974
/50.ソース/wng-admin/app/app_controller (eee-ko 上の問題のあるコピー 2011-12-28).php,Not in C:\windarg_bk_20111229,,,2011-12-23 01:28:15 0,306
/50.ソース/wng-admin/app/views/news/edit (shimizu ko 上の問題のあるコピー 2011-12-28).ctp,Not in C:\windarg_bk_20111229,,,2011-12-23 14:31:14 0,5978
/50.ソース/wng-admin/app/app_controller (shimizu ko 上の問題のあるコピー 2011-12-28).php~,Not in C:\windarg_bk_20111229,,,2011-12-23 01:23:17 0,325
/97.コミュニケーション管理/質問管理表 (shimizu ko 上の問題のあるコピー 2011-12-12).xlsx,Not in C:\windarg_bk_20111229,,,2011-12-11 21:00:32 0,40484
/50.ソース/wng-admin/app/webroot/img/cake.icon.png,Not in C:\windarg_bk_20111229,,,2011-10-15 13:02:00 0,943
/50.ソース/wng-admin/app/views/news/add (eee-ko 上の問題のあるコピー 2011-12-28).ctp,Not in C:\windarg_bk_20111229,,,2011-12-23 14:30:36 0,6058
/50.ソース/wng-admin/upload/usecase/b.BMP_2,Not in C:\windarg_bk_20111229,,,2011-12-24 03:38:04 0,25446
/50.ソース/wng-admin/upload/usecase/b.BMP_3,Not in C:\windarg_bk_20111229,,,2011-12-24 03:38:04 0,25446
/50.ソース/wng-admin/upload/usecase/b.BMP_0,Not in C:\windarg_bk_20111229,,,2011-12-24 03:38:04 0,25446
/50.ソース/wng-admin/upload/usecase/b.BMP_1,Not in C:\windarg_bk_20111229,,,2011-12-24 03:38:04 0,25446
/50.ソース/wng-admin/app/views/usecases/edit.ctp.bak,Not in C:\windarg_bk_20111229,,,2011-12-25 17:10:42 0,10898
/50.ソース/wng-admin/upload/usecase/20111224032604000000,Not in C:\windarg_bk_20111229,,,2011-12-24 03:26:06 0,25446
/50.ソース/wng-admin/app/views/usecases/edit (shimizu ko 上の問題のあるコピー 2011-12-30).ctp,Not in C:\windarg_bk_20111229,,,2011-12-27 22:25:42 140,12045
/50.ソース/wng-admin/app/views/media/add (eee-ko 上の問題のあるコピー 2011-12-28).ctp,Not in C:\windarg_bk_20111229,,,2011-12-23 14:37:13 0,5610
/50.ソース/wng-admin/app/views/media/edit (shimizu ko 上の問題のあるコピー 2011-12-28).ctp,Not in C:\windarg_bk_20111229,,,2011-12-23 14:37:45 0,5993
/20.設計/10.DB設計/テーブル定義書（マクロ_ひな形） (shimizu ko 上の問題のあるコピー 2011-12-28).xls,Not in C:\windarg_bk_20111229,,,2011-11-20 00:37:26 0,63488
/50.ソース/wng-admin/app/views/forms/add (shimizu ko 上の問題のあるコピー 2011-12-28).ctp,Not in C:\windarg_bk_20111229,,,2011-12-23 18:56:08 0,7352
/50.ソース/wng-admin/app/tmp/cache/persistent/cake_core_object_map (shimizu ko 上の問題のあるコピー 2011-12-28),Not in C:\windarg_bk_20111229,,,2011-12-24 03:38:03 0,39
/50.ソース/wng-admin/app/views/usecases/add (shimizu ko 上の問題のあるコピー 2011-12-30).ctp,Not in C:\windarg_bk_20111229,,,2011-12-24 01:19:15 0,10623
/20.設計/bk/WAT設計書20111213_2 (shimizu ko 上の問題のあるコピー 2011-12-28).xls,Not in C:\windarg_bk_20111229,,,2011-12-13 22:57:09 0,1047040
/50.ソース/wng-admin/app/controllers/usecases_controller (shimizu ko 上の問題のあるコピー 2011-12-30).php~,Not in C:\windarg_bk_20111229,,,2011-12-30 01:19:18 765,4180
/50.ソース/wng-admin/app/views/layouts/default (eee-ko 上の問題のあるコピー 2011-12-28).ctp~,Not in C:\windarg_bk_20111229,,,2011-12-23 15:06:12 0,3572
/20.設計/10.DB設計/ER図 (shimizu ko 上の問題のあるコピー 2011-12-28).xls,Not in C:\windarg_bk_20111229,,,2011-12-23 13:04:07 0,23552
/50.ソース/wng-admin/app/tmp/cache/persistent/cake_core_default_ja (shimizu ko 上の問題のあるコピー 2011-12-28),Not in C:\windarg_bk_20111229,,,2011-12-24 03:38:03 0,45
/50.ソース/wng-admin/app/controllers/usecases_controller.php (shimizu ko 上の問題のあるコピー 2011-12-30).bak,Not in C:\windarg_bk_20111229,,,2011-12-23 15:52:00 0,2300
/50.ソース/wng-admin/app/controllers/usecases_controller (kodesk 上の問題のあるコピー 2011-12-30).php,Not in C:\windarg_bk_20111229,,,2011-12-30 01:19:26 703,4183
/50.ソース/wng-admin/app/webroot/img/test-error-icon.png,Not in C:\windarg_bk_20111229,,,2011-10-15 13:02:00 0,3358
/30.サーバー情報/Image (shimizu ko 上の問題のあるコピー 2011-12-28).xls,Not in C:\windarg_bk_20111229,,,2011-12-02 00:23:05 0,150528
/99.受領資料/20111206/WAT設計書 (shimizu ko 上の問題のあるコピー 2011-12-28).xls,Not in C:\windarg_bk_20111229,,,2011-12-06 20:10:08 0,1041408
/98.送信資料/20111116/質問管理表 (shimizu ko 上の問題のあるコピー 2011-12-28).xls,Not in C:\windarg_bk_20111229,,,2011-11-16 01:35:35 0,21504
/50.ソース/wng-admin/app/models/usecase (shimizu ko 上の問題のあるコピー 2011-12-30).php~,Not in C:\windarg_bk_20111229,,,2011-12-27 22:54:50 515,11701
/50.ソース/wng-admin/app/views/usecases/add (kodesk 上の問題のあるコピー 2011-12-30).ctp~,Not in C:\windarg_bk_20111229,,,2011-12-26 00:29:24 397,10691
/50.ソース/wng-admin/app/views/forms/add.ctp (eee-ko 上の問題のあるコピー 2011-12-28).bak,Not in C:\windarg_bk_20111229,,,2011-12-23 14:38:11 0,7333
/20.設計/category (shimizu ko 上の問題のあるコピー 2011-12-28).xls,Not in C:\windarg_bk_20111229,,,2011-11-19 02:17:51 0,15872
/20.設計/10.DB設計/テーブル定義書（Media） (shimizu ko 上の問題のあるコピー 2011-12-28).xls,Not in C:\windarg_bk_20111229,,,2011-12-23 13:02:34 0,75776
/50.ソース/wng-admin/app/models/media (kodesk 上の問題のあるコピー 2011-12-30).php~,Not in C:\windarg_bk_20111229,,,2011-12-26 21:34:01 62,3688
/50.ソース/wng-admin/app/views/media/add.ctp (shimizu ko 上の問題のあるコピー 2011-12-28).bak,Not in C:\windarg_bk_20111229,,,2011-12-23 13:30:26 0,5606
/50.ソース/wng-admin/app/tmp/cache/models/cake_model_default_users (eee-ko 上の問題のあるコピー 2011-12-28),Not in C:\windarg_bk_20111229,,,2011-12-25 20:45:50 0,843
/50.ソース/wng-admin/app/views/media/add.ctp (eee-ko 上の問題のあるコピー 2011-12-28).bak,Not in C:\windarg_bk_20111229,,,2011-12-23 13:30:26 0,5606
/50.ソース/wng-admin/app/tmp/cache/models/cake_model_default_news (shimizu ko 上の問題のあるコピー 2011-12-28),Not in C:\windarg_bk_20111229,,,2011-12-24 03:38:03 0,1775
/50.ソース/wng-admin/app/app_controller (shimizu ko 上の問題のあるコピー 2011-12-28).php,Not in C:\windarg_bk_20111229,,,2011-12-23 01:28:15 0,306
/97.コミュニケーション管理/質問管理表 (shimizu ko 上の問題のあるコピー 2011-12-28).xlsx,Not in C:\windarg_bk_20111229,,,2011-12-25 20:04:32 0,48222
/50.ソース/wng-admin/app/models/news (shimizu ko 上の問題のあるコピー 2011-12-28).php~,Not in C:\windarg_bk_20111229,,,2011-12-23 15:37:00 0,8802
/50.ソース/wng-admin/app/views/news/index (eee-ko 上の問題のあるコピー 2011-12-28).ctp,Not in C:\windarg_bk_20111229,,,2011-12-23 03:15:47 0,5556
/50.ソース/wng-admin/app/views/media/edit (eee-ko 上の問題のあるコピー 2011-12-28).ctp,Not in C:\windarg_bk_20111229,,,2011-12-23 14:37:45 0,5993
/99.受領資料/20111214/WAT設計書 (shimizu ko 上の問題のあるコピー 2011-12-28).xls,Not in C:\windarg_bk_20111229,,,2011-12-15 01:32:57 0,1054720
/20.設計/bk/ER図_20111119 (shimizu ko 上の問題のあるコピー 2011-12-28).xls,Not in C:\windarg_bk_20111229,,,2011-11-19 01:49:06 0,15360
/50.ソース/wng-admin/app/tmp/logs/debug (shimizu ko 上の問題のあるコピー 2011-12-28).log,Not in C:\windarg_bk_20111229,,,2011-12-24 03:24:20 0,197947
/50.ソース/wng-admin/app/views/media/edit (shimizu ko 上の問題のあるコピー 2011-12-28).ctp~,Not in C:\windarg_bk_20111229,,,2011-12-23 13:32:06 0,5989
/50.ソース/wng-admin/app/views/media/add (eee-ko 上の問題のあるコピー 2011-12-28).ctp~,Not in C:\windarg_bk_20111229,,,2011-12-23 14:33:41 0,5610
/98.送信資料/20111111/リモートアクセス申請項目_追加 (shimizu ko 上の問題のあるコピー 2011-12-28).xls,Not in C:\windarg_bk_20111229,,,2011-11-11 22:53:57 0,34816
/50.ソース/wng-admin/app/controllers/usecases_controller (kodesk 上の問題のあるコピー 2011-12-30).php~,Not in C:\windarg_bk_20111229,,,2011-12-24 01:59:23 0,2702
/20.設計/10.DB設計/テーブル定義書（事例）.xls,Not in C:\windarg_bk_20111229,,,2011-12-30 04:13:05 468,154624
/50.ソース/wng-admin/app/tmp/cache/models/cake_model_default_wingarc_list (eee-ko 上の問題のあるコピー 2011-12-28),Not in C:\windarg_bk_20111229,,,2011-12-25 20:45:48 0,157
/20.設計/10.DB設計/bk/テーブル定義書（管理者） (shimizu ko 上の問題のあるコピー 2011-12-28).xls,Not in C:\windarg_bk_20111229,,,2011-12-03 23:42:50 0,49664
/50.ソース/wng-admin/app/views/usecases/edit (kodesk 上の問題のあるコピー 2011-12-30).ctp,Not in C:\windarg_bk_20111229,,,2011-12-24 00:20:48 0,10607
/50.ソース/wng-admin/app/tmp/cache/persistent/cake_core_object_map (eee-ko 上の問題のあるコピー 2011-12-28),Not in C:\windarg_bk_20111229,,,2011-12-25 20:45:52 0,39
/05.スケジュール/Tasks (shimizu ko 上の問題のあるコピー 2011-12-21) (shimizu ko 上の問題のあるコピー 2011-12-28).xls,Not in C:\windarg_bk_20111229,,,2011-12-19 22:45:27 0,28160
/99.受領資料/20111215/02/WAT_CMS_制作スケジュール (Unicode 形式の問題) (shimizu ko 上の問題のあるコピー 2011-12-28).xls,Not in C:\windarg_bk_20111229,,,2011-12-16 23:00:49 0,45568
/97.コミュニケーション管理/bk/質問管理表_20111128 (shimizu ko 上の問題のあるコピー 2011-12-28).xls,Not in C:\windarg_bk_20111229,,,2011-11-28 01:58:38 0,30208
/50.ソース/wng-admin/app/tmp/cache/persistent/cake_core_dir_map (eee-ko 上の問題のあるコピー 2011-12-28),Not in C:\windarg_bk_20111229,,,2011-12-25 20:45:52 0,7370
/20.設計/bk/WAT設計書20111215 (shimizu ko 上の問題のあるコピー 2011-12-28).xls,Not in C:\windarg_bk_20111229,,,2011-12-15 01:32:57 0,1054720
/20.設計/10.DB設計/bk/テーブル定義書（カテゴリ） (shimizu ko 上の問題のあるコピー 2011-12-28).xls,Not in C:\windarg_bk_20111229,,,2011-12-06 22:53:45 0,56320
/05.スケジュール/WBS (shimizu ko 上の問題のあるコピー 2011-12-28).xls,Not in C:\windarg_bk_20111229,,,2011-12-23 15:09:52 0,40960
/50.ソース/wng-admin/app/models/media (eee-ko 上の問題のあるコピー 2011-12-28).php,Not in C:\windarg_bk_20111229,,,2011-12-23 13:09:27 0,3587
/20.設計/bk/CMS画面遷移図20111205 (shimizu ko 上の問題のあるコピー 2011-12-28).xls,Not in C:\windarg_bk_20111229,,,2011-12-05 01:17:16 0,116224
/50.ソース/wng-admin/app/controllers/news_controller (shimizu ko 上の問題のあるコピー 2011-12-28).php~,Not in C:\windarg_bk_20111229,,,2011-12-24 03:03:45 0,7253
/50.ソース/wng-admin/app/views/categories/index (eee-ko 上の問題のあるコピー 2011-12-28).ctp~,Not in C:\windarg_bk_20111229,,,2011-12-23 03:18:58 0,5514
/50.ソース/wng-admin/app/models/usecase (kodesk 上の問題のあるコピー 2011-12-30).php~,Not in C:\windarg_bk_20111229,,,2011-12-24 03:36:01 0,7014
/50.ソース/wng-admin/app/models/news (eee-ko 上の問題のあるコピー 2011-12-28).php,Not in C:\windarg_bk_20111229,,,2011-12-23 15:37:33 0,8804
/20.設計/10.DB設計/bk/テーブル定義書（Media） (shimizu ko 上の問題のあるコピー 2011-12-28).xls,Not in C:\windarg_bk_20111229,,,2011-12-06 22:13:06 0,57344
/50.ソース/wng-admin/app/views/news/edit (eee-ko 上の問題のあるコピー 2011-12-28).ctp~,Not in C:\windarg_bk_20111229,,,2011-12-23 05:05:58 0,5978
/20.設計/bk/WAT設計書20111118 (shimizu ko 上の問題のあるコピー 2011-12-28).xls,Not in C:\windarg_bk_20111229,,,2011-11-18 18:48:12 0,686592
/50.ソース/wng-admin/app/views/usecases/add (kodesk 上の問題のあるコピー 2011-12-30).ctp,Not in C:\windarg_bk_20111229,,,2011-12-27 21:34:21 921,10680
/99.受領資料/20111215/01/WAT設計書 (shimizu ko 上の問題のあるコピー 2011-12-28).xls,Not in C:\windarg_bk_20111229,,,2011-12-15 20:58:35 0,1054720
/99.受領資料/20111209/wat 設計書/WAT設計書 (shimizu ko 上の問題のあるコピー 2011-12-28).xls,Not in C:\windarg_bk_20111229,,,2011-11-18 18:48:12 0,686592
/50.ソース/wng-admin/app/views/usecases/edit (kodesk 上の問題のあるコピー 2011-12-30).ctp~,Not in C:\windarg_bk_20111229,,,2011-12-27 21:49:53 968,11952
/80.調査/Editor比較 (shimizu ko 上の問題のあるコピー 2011-12-28).xls,Not in C:\windarg_bk_20111229,,,2011-11-19 22:19:16 0,13824
/50.ソース/wng-admin/app/views/news/index (shimizu ko 上の問題のあるコピー 2011-12-28).ctp~,Not in C:\windarg_bk_20111229,,,2011-12-23 03:10:34 0,5556
/99.受領資料/20111216/WAT設計書 (shimizu ko 上の問題のあるコピー 2011-12-28).xls,Not in C:\windarg_bk_20111229,,,2011-12-16 21:59:22 0,1083904
/50.ソース/wng-admin/app/tmp/cache/models/cake_model_default_cases (shimizu ko 上の問題のあるコピー 2011-12-30),Not in C:\windarg_bk_20111229,,,2011-12-25 20:45:48 0,4854
/50.ソース/wng-admin/app/tmp/logs/debug (eee-ko 上の問題のあるコピー 2011-12-28).log,Not in C:\windarg_bk_20111229,,,2011-12-24 03:24:20 0,197947
/20.設計/新規ﾃｷｽﾄ文書.txt,Not in C:\windarg_bk_20111229,,,2011-12-25 19:03:29 0,186
/50.ソース/wng-admin/app/views/media/add (shimizu ko 上の問題のあるコピー 2011-12-28).ctp,Not in C:\windarg_bk_20111229,,,2011-12-23 14:37:13 0,5610
/99.受領資料/20111116/リモートアクセス申請項目_Simone_20111116 (shimizu ko 上の問題のあるコピー 2011-12-28).xls,Not in C:\windarg_bk_20111229,,,2011-11-16 22:40:17 0,39424
/50.ソース/wng-admin/app/tmp/cache/models/cake_model_default_sectors,Not in C:\windarg_bk_20111229,,,2011-12-25 20:45:49 0,614
/20.設計/10.DB設計/テーブル定義書（NEWS） (shimizu ko 上の問題のあるコピー 2011-12-28).xls,Not in C:\windarg_bk_20111229,,,2011-12-23 12:58:25 0,89600
/20.設計/10.DB設計/テーブル定義書（業種） (shimizu ko 上の問題のあるコピー 2011-12-28).xls,Not in C:\windarg_bk_20111229,,,2011-12-17 00:24:53 0,56832
/50.ソース/wng-admin/app/models/news (shimizu ko 上の問題のあるコピー 2011-12-28).php,Not in C:\windarg_bk_20111229,,,2011-12-23 15:37:33 0,8804
/50.ソース/wng-admin/app/config/bootstrap (shimizu ko 上の問題のあるコピー 2011-12-28).php,Not in C:\windarg_bk_20111229,,,2011-12-23 02:42:50 0,2454
/50.ソース/wng-admin/app/webroot/img/test-fail-icon.png,Not in C:\windarg_bk_20111229,,,2011-10-15 13:02:00 0,496
/50.ソース/wng-admin/app/controllers/usecases_controller.php (kodesk 上の問題のあるコピー 2011-12-30).bak,Not in C:\windarg_bk_20111229,,,2011-12-26 00:54:40 0,3397
/50.ソース/wng-admin/app/app_controller (eee-ko 上の問題のあるコピー 2011-12-28).php~,Not in C:\windarg_bk_20111229,,,2011-12-23 01:23:17 0,325
/50.ソース/wng-admin/app/views/news/add (eee-ko 上の問題のあるコピー 2011-12-28).ctp~,Not in C:\windarg_bk_20111229,,,2011-12-23 05:05:54 0,6058
/50.ソース/wng-admin/app/views/news/add.ctp (eee-ko 上の問題のあるコピー 2011-12-28).bak,Not in C:\windarg_bk_20111229,,,2011-12-23 14:30:30 0,6091
/99.受領資料/20111202/WAT設計書 (shimizu ko 上の問題のあるコピー 2011-12-28).xls,Not in C:\windarg_bk_20111229,,,2011-12-03 01:13:32 0,838656
/50.ソース/wng-admin/app/tmp/logs/error (eee-ko 上の問題のあるコピー 2011-12-28).log,Not in C:\windarg_bk_20111229,,,2011-12-24 17:23:25 0,87332
/50.ソース/wng-admin/app/views/news/add (shimizu ko 上の問題のあるコピー 2011-12-28).ctp~,Not in C:\windarg_bk_20111229,,,2011-12-23 05:05:54 0,6058
/50.ソース/wng-admin/app/models/usecase (shimizu ko 上の問題のあるコピー 2011-12-30).php,Not in C:\windarg_bk_20111229,,,2011-12-27 22:56:07 656,11701
/20.設計/10.DB設計/テーブル定義書（カテゴリ） (shimizu ko 上の問題のあるコピー 2011-12-28).xls,Not in C:\windarg_bk_20111229,,,2011-12-22 01:00:32 0,61952
/50.ソース/wng-admin/app/views/news/index (eee-ko 上の問題のあるコピー 2011-12-28).ctp~,Not in C:\windarg_bk_20111229,,,2011-12-23 03:10:34 0,5556
/50.ソース/wng-admin/app/controllers/news_controller (eee-ko 上の問題のあるコピー 2011-12-28).php~,Not in C:\windarg_bk_20111229,,,2011-12-24 03:03:45 0,7253
/10.見積もり/見積もり (shimizu ko 上の問題のあるコピー 2011-12-28).xls,Not in C:\windarg_bk_20111229,,,2011-11-25 19:59:17 0,28160
/50.ソース/wng-admin/app/models/media (shimizu ko 上の問題のあるコピー 2011-12-28).php,Not in C:\windarg_bk_20111229,,,2011-12-23 13:09:27 0,3587
/50.ソース/wng-admin/app/views/news/edit.ctp (shimizu ko 上の問題のあるコピー 2011-12-28).bak,Not in C:\windarg_bk_20111229,,,2011-12-23 13:32:20 0,5974
/50.ソース/wng-admin/app/views/media/add (shimizu ko 上の問題のあるコピー 2011-12-28).ctp~,Not in C:\windarg_bk_20111229,,,2011-12-23 14:33:41 0,5610
/50.ソース/wng-admin/app/tmp/cache/persistent/cake_core_default_ja (eee-ko 上の問題のあるコピー 2011-12-28),Not in C:\windarg_bk_20111229,,,2011-12-25 20:45:50 0,45
/50.ソース/wng-admin/app/controllers/media_controller (eee-ko 上の問題のあるコピー 2011-12-28).php,Not in C:\windarg_bk_20111229,,,2011-12-24 04:12:24 0,3828
/50.ソース/wng-admin/app/tmp/cache/models/cake_model_default_wingarc_list (shimizu ko 上の問題のあるコピー 2011-12-28),Not in C:\windarg_bk_20111229,,,2011-12-24 03:38:03 0,157
/50.ソース/wng-admin/app/views/layouts/default (shimizu ko 上の問題のあるコピー 2011-12-28).ctp,Not in C:\windarg_bk_20111229,,,2011-12-23 15:28:02 0,3575
/20.設計/10.DB設計/テーブル定義書（コラム） (shimizu ko 上の問題のあるコピー 2011-12-28).xls,Not in C:\windarg_bk_20111229,,,2011-12-18 22:02:16 0,88064
/05.スケジュール/Tasks (shimizu ko 上の問題のあるコピー 2011-12-28).xls,Not in C:\windarg_bk_20111229,,,2011-12-20 08:13:40 0,29184
/50.ソース/wng-admin/app/tmp/cache/persistent/cake_core_file_map (eee-ko 上の問題のあるコピー 2011-12-28),Not in C:\windarg_bk_20111229,,,2011-12-25 20:45:52 0,3333
/20.設計/bk/WAT設計書20111213 (shimizu ko 上の問題のあるコピー 2011-12-28).xls,Not in C:\windarg_bk_20111229,,,2011-12-13 20:33:27 0,1046528
/50.ソース/wng-admin/app/controllers/.usecases_controller.php.swp,Not in D:\My Dropbox\windarc,2011-12-27 23:52:30 187,20480
/50.ソース/wng-admin/app/controllers/usecases_controller.php,diff,2011-12-28 00:39:46 296,4169,2011-12-30 01:19:26 703,4183
/50.ソース/wng-admin/app/views/usecases/detail.ctp,diff,2011-12-27 23:52:25 921,9798,2011-12-30 04:10:22 484,8274
/50.ソース/wng-admin/app/views/usecases/add.ctp,diff,2011-12-27 21:34:21 921,10680,2011-12-24 01:19:15 0,10623
/50.ソース/wng-admin/app/views/usecases/add.ctp~,diff,2011-12-26 00:29:24 397,10691,2011-12-24 01:10:54 0,10804
/50.ソース/wng-admin/app/controllers/usecases_controller.php~,diff,2011-12-27 23:56:16 31,4124,2011-12-30 01:19:18 765,4180
/50.ソース/wng-admin/app/views/usecases/edit.ctp~,diff,2011-12-27 21:49:53 968,11952,2011-12-25 20:10:26 0,11021
/50.ソース/wng-admin/app/tmp/logs/error.log,diff,2011-12-27 22:42:15 703,89766,2011-12-30 01:25:51 750,90179
/50.ソース/wng-admin/app/views/usecases/detail.ctp~,diff,2011-12-27 23:52:18 93,9819,2011-12-30 04:09:38 140,8237
